{
  "params": {
    "learning_rate": 0.08,
    "max_depth": 1,
    "min_samples_leaf": 10,
    "n_estimators": 50,
    "subsample": 0.8
  },
  "metrics": {
    "accuracy": 0.8695652173913043,
    "precision": 0.8571428571428571,
    "recall": 0.8571428571428571,
    "f1_score": 0.8571428571428571,
    "roc_auc": 0.9199999999999999,
    "cv_roc_auc_mean": 0.8817577504210252
  },
  "roc_curve": {
    "fpr": [
      0.0,
      0.0,
      0.0,
      0.04,
      0.04,
      0.08,
      0.08,
      0.12,
      0.12,
      0.16,
      0.24,
      0.28,
      0.28,
      0.4,
      0.56,
      0.6,
      0.72,
      0.8,
      0.84,
      0.92,
      1.0
    ],
    "tpr": [
      0.0,
      0.047619047619047616,
      0.38095238095238093,
      0.42857142857142855,
      0.5714285714285714,
      0.5714285714285714,
      0.7619047619047619,
      0.7619047619047619,
      0.9047619047619048,
      0.9047619047619048,
      0.9047619047619048,
      0.9047619047619048,
      0.9523809523809523,
      0.9523809523809523,
      0.9523809523809523,
      1.0,
      1.0,
      1.0,
      1.0,
      1.0,
      1.0
    ]
  }
}