experiment,accuracy,precision,recall,f1_score,roc_auc,cv_roc_auc_mean
uci_baseline_features_default_gb,0.8043478260869565,0.7307692307692307,0.9047619047619048,0.8085106382978723,0.9238095238095239,0.8482005621575465
uci_advanced_features_default_gb,0.782608695652174,0.7037037037037037,0.9047619047619048,0.7916666666666666,0.9238095238095239,0.8397815413079058
uci_advanced_features_full_grid_tuned_gb,0.8695652173913043,0.8571428571428571,0.8571428571428571,0.8571428571428571,0.9199999999999999,0.8817577504210252
