experiment,accuracy,precision,recall,f1_score,roc_auc,cv_roc_auc_mean
baseline_features_default_gb,0.7390205985231247,0.7661504424778761,0.6800864100549883,0.7205576362879733,0.8040155938425282,0.799891401120442
advanced_features_default_gb,0.7382432957637,0.762593079281647,0.6838177533385703,0.7210602609235867,0.804790244123512,0.8003371829865399
advanced_features_full_grid_tuned_gb,0.7382432957637,0.7630539710399298,0.683032207384132,0.7208290155440414,0.8051715926944226,0.800963174329573
