train_ratio,test_ratio,model,accuracy,precision,recall,f1_score,roc_auc
0.7,0.3,Gradient Boosting,0.7344410435796531,0.7549454113068857,0.6858489639595404,0.7187403519604816,0.8020177907749718
0.75,0.25,Gradient Boosting,0.734200093283582,0.7578145521407933,0.6800235710076605,0.7168147089881359,0.8014035995215905
0.8,0.2,Gradient Boosting,0.735096924646553,0.7572593800978793,0.6837531300633377,0.7186314730242279,0.8025726724641769
0.85,0.15,Gradient Boosting,0.7390205985231247,0.7661504424778761,0.6800864100549883,0.7205576362879733,0.8040155938425282
0.9,0.1,Gradient Boosting,0.7375018218918525,0.7657657657657657,0.6761932822628167,0.7181974651854169,0.8017299314574542
